{
    "loss": 0.934343159198761,
    "accuracy": 0.8373526334762573,
    "f1_score": 0.8376234896003508,
    "precision": 0.8433268737529317,
    "recall": 0.837352625937835
}